{"cameraMode":{"drawMode":0,"name":"Shaded","section":"Shading Mode"},"sceneLighting":false,"audioPlay":false,"sceneViewState":{"showFog":true,"showMaterialUpdate":false,"showSkybox":false,"showFlares":true,"showImageEffects":true,"showParticleSystems":true},"in2DMode":false,"pivot":{"x":-0.6669999361038208,"y":0.0137064503505826,"z":-0.8439999222755432},"rotation":{"x":0.1180988997220993,"y":-0.6013643145561218,"z":0.09047146141529083,"w":0.7850043177604675},"size":0.36788877844810488,"orthographic":false}