{"cameraMode":{"drawMode":0,"name":"Shaded","section":"Shading Mode"},"sceneLighting":false,"audioPlay":false,"sceneViewState":{"showFog":true,"showMaterialUpdate":false,"showSkybox":false,"showFlares":true,"showImageEffects":true,"showParticleSystems":true},"in2DMode":false,"pivot":{"x":-0.04162180423736572,"y":-0.18822011351585389,"z":0.08725392818450928},"rotation":{"x":-0.13773542642593385,"y":0.04366171732544899,"z":-0.006077551748603582,"w":-0.9894895553588867},"size":1.6161458492279053,"orthographic":false}