{"cameraMode":{"drawMode":0,"name":"Shaded","section":"Shading Mode"},"sceneLighting":false,"audioPlay":false,"sceneViewState":{"showFog":true,"showMaterialUpdate":false,"showSkybox":false,"showFlares":true,"showImageEffects":true,"showParticleSystems":true},"in2DMode":false,"pivot":{"x":0.03760111331939697,"y":3.8743019104003908e-7,"z":0.015546321868896485},"rotation":{"x":-0.13773542642593385,"y":0.04366171732544899,"z":-0.006077551748603582,"w":-0.9894895553588867},"size":1.5971720218658448,"orthographic":false}